Amar,amar@vinam.in
Rohan,rohancp@gmail.com
Anwith,anwithcp@gmail.com
Vaibhav,vaibhav@gmail.com
 , 
Tanmayei,tanmayei@gmail.com
Eva,eva#mailercloud.com
Ridhan,ridhan@mailercloud.com
Amar,amar@luvia.in
Sree ##123sre,sreechithiravinam@gmail.com